,city,latitude,Longitude,Temperature Max,Humidity,Cloudiness,Wind Speed,Country
0,cervo,43.6702,-7.4101,8.33,100,98,0.45,ES
1,mataura,-46.1927,168.8643,8.33,71,98,7.6,NZ
2,luderitz,-26.6481,15.1594,16.5,88,96,1.53,NA
3,ushuaia,-54.8,-68.3,8.0,76,75,5.66,AR
4,castro,-24.7911,-50.0119,13.19,96,80,1.13,BR
5,pevek,69.7008,170.3133,-3.55,84,99,1.04,RU
6,turangi,-39.0,175.9333,11.06,58,63,3.21,NZ
7,carnarvon,-24.8667,113.6333,34.0,18,0,2.57,AU
8,saint-philippe,-21.3585,55.7679,26.0,69,0,8.23,RE
9,khandyga,62.6667,135.6,0.0,92,100,3.02,RU
10,mahebourg,-20.4081,57.7,25.0,88,75,6.69,MU
11,bambous virieux,-20.3428,57.7575,25.0,88,75,6.69,MU
12,omsukchan,62.5333,155.8,-6.82,65,100,1.37,RU
13,hobart,-42.8794,147.3294,19.0,45,40,8.23,AU
14,avarua,-21.2078,-159.775,27.0,78,20,2.57,CK
15,hermanus,-34.4187,19.2345,15.56,92,1,3.13,ZA
16,constitucion,-35.3333,-72.4167,13.55,77,0,3.7,CL
17,tiksi,71.6872,128.8694,-2.73,94,100,6.14,RU
18,ibra,22.6906,58.5334,29.3,23,47,1.53,OM
19,katherine,-14.4667,132.2667,32.0,51,90,5.66,AU
20,yellowknife,62.456,-114.3525,-14.0,78,90,5.66,CA
21,cairns,-16.9167,145.7667,24.0,94,90,6.17,AU
22,kapaa,22.0752,-159.319,24.0,73,40,6.17,US
23,yanam,16.7333,82.2167,31.0,66,40,1.54,IN
24,kaduqli,11.0167,29.7167,25.99,64,86,3.95,SD
25,rikitea,-23.1203,-134.9692,25.49,74,28,2.14,PF
26,havoysund,70.9963,24.6622,0.0,86,75,2.57,NO
27,vaini,-21.2,-175.2,28.0,89,75,2.06,TO
28,melfort,52.8667,-104.6177,3.0,41,86,2.57,CA
29,hilo,19.7297,-155.09,23.0,83,90,3.09,US
30,chuy,-33.6971,-53.4616,14.91,80,55,3.72,UY
31,katsuura,35.1333,140.3,17.22,25,20,7.72,JP
32,vanavara,60.34,102.2797,0.23,65,83,5.82,RU
33,kidal,18.4411,1.4078,28.23,8,5,1.13,ML
34,nome,64.5011,-165.4064,7.0,57,90,2.57,US
35,cherskiy,68.75,161.3,-5.17,72,91,2.89,RU
36,ponta do sol,32.6667,-17.1,15.0,83,45,2.24,PT
37,arrecife,28.963,-13.5477,18.0,77,0,2.06,ES
38,ribeira grande,38.5167,-28.7,15.0,72,20,2.06,PT
39,moron,-34.6534,-58.6198,16.11,97,9,1.88,AR
40,albany,42.6001,-73.9662,6.67,51,54,6.26,US
41,tuktoyaktuk,69.4541,-133.0374,-10.0,79,90,3.6,CA
42,punta arenas,-53.15,-70.9167,7.0,93,90,2.57,CL
43,kant,27.8,79.8,35.82,5,0,3.6,IN
44,bredasdorp,-34.5322,20.0403,11.0,93,93,1.03,ZA
45,severo-kurilsk,50.6789,156.125,-0.08,97,100,6.73,RU
46,taoudenni,22.6783,-3.9836,29.83,16,8,3.59,ML
47,cockburn town,21.4612,-71.1419,25.65,77,39,7.84,TC
48,qaanaaq,77.484,-69.3632,-2.2,63,8,4.1,GL
49,kodiak,57.79,-152.4072,6.0,81,1,4.12,US
50,mar del plata,-38.0023,-57.5575,15.56,88,75,1.54,AR
51,bandarbeyla,9.4942,50.8122,28.17,68,86,2.59,SO
52,andros town,24.7,-77.7667,24.0,88,0,1.03,BS
53,horsham,51.064,-0.3272,5.0,70,75,3.6,GB
54,srednekolymsk,67.45,153.6833,-3.01,66,12,3.93,RU
55,grand gaube,-20.0064,57.6608,25.0,85,100,3.13,MU
56,esperance,-33.8667,121.9,29.0,21,36,6.69,AU
57,port alfred,-33.5906,26.891,21.77,44,93,3.39,ZA
58,carutapera,-1.195,-46.02,24.26,91,57,2.04,BR
59,arraial do cabo,-22.9661,-42.0278,23.35,87,56,3.97,BR
60,kavaratti,10.5669,72.642,28.96,73,21,3.07,IN
61,cape town,-33.9258,18.4232,16.67,88,20,3.09,ZA
62,bubaque,11.2833,-15.8333,25.11,68,22,5.1,GW
63,busselton,-33.65,115.3333,25.0,48,99,1.79,AU
64,east london,-33.0153,27.9116,19.0,52,0,2.57,ZA
65,pafos,34.7667,32.4167,14.0,67,40,2.57,CY
66,chernyshevskiy,63.0128,112.4714,-5.4,66,94,5.8,RU
67,zhezkazgan,47.8043,67.7144,15.45,44,70,3.03,KZ
68,vytegra,61.0064,36.4481,2.82,98,100,1.74,RU
69,tasiilaq,65.6145,-37.6368,3.0,70,75,7.72,GL
70,ovalle,-30.5983,-71.2003,17.65,69,0,0.88,CL
71,atuona,-9.8,-139.0333,26.58,77,71,7.96,PF
72,luanda,-8.8368,13.2343,26.0,94,75,1.54,AO
73,codrington,-38.2667,141.9667,16.02,66,100,4.95,AU
74,portland,45.5234,-122.6762,12.0,66,75,2.06,US
75,chokurdakh,70.6333,147.9167,-0.61,98,100,4.75,RU
76,bluff,-46.6,168.3333,8.89,70,84,8.94,NZ
77,kungurtug,50.5994,97.5228,-0.12,67,100,3.99,RU
78,airai,-8.9266,125.4092,23.47,39,36,1.33,TL
79,dombarovskiy,50.7587,59.5386,7.91,93,100,2.06,RU
80,ranong,9.9658,98.6348,30.0,79,40,4.12,TH
81,jamestown,42.097,-79.2353,0.56,80,1,3.6,US
82,acapulco,16.8634,-99.8901,26.58,73,90,0.93,MX
83,kindu,-2.95,25.95,19.19,98,94,0.27,CD
84,longyearbyen,78.2186,15.6401,-10.0,67,20,0.51,SJ
85,svetlaya,46.5389,138.3297,5.59,53,57,4.32,RU
86,krasnoselkup,65.7,82.4667,-1.98,76,48,4.2,RU
87,bathsheba,13.2167,-59.5167,26.0,61,40,6.69,BB
88,kruisfontein,-34.0033,24.7314,17.86,57,100,1.3,ZA
89,port elizabeth,-33.918,25.5701,15.0,88,0,1.03,ZA
90,mount gambier,-37.8333,140.7667,15.0,77,90,4.12,AU
91,pacific grove,36.6177,-121.9166,12.0,76,75,1.54,US
92,iqaluit,63.7506,-68.5145,0.0,93,90,1.54,CA
93,pontianak,-0.0333,109.3333,32.0,66,75,3.6,ID
94,lavrentiya,65.5833,-171.0,0.54,92,97,0.25,RU
95,half moon bay,37.4636,-122.4286,11.0,93,20,1.54,US
96,meadville,41.6414,-80.1515,1.0,69,1,2.57,US
97,pittsburg,38.028,-121.8847,11.0,71,1,2.06,US
98,kaitangata,-46.2817,169.8464,8.89,66,100,1.79,NZ
99,nauchnyy gorodok,53.4203,83.521,12.0,19,0,5.0,RU
100,vangaindrano,-23.35,47.6,21.61,91,49,0.6,MG
101,dunedin,-45.8742,170.5036,8.33,85,86,12.52,NZ
102,port macquarie,-31.4333,152.9167,22.22,59,8,0.45,AU
103,manaus,-3.1019,-60.025,27.0,89,0,1.54,BR
104,faanui,-16.4833,-151.75,27.44,63,15,0.81,PF
105,ishigaki,24.3448,124.1572,25.0,61,40,5.66,JP
106,provideniya,64.3833,-173.3,1.0,75,0,3.0,RU
107,clyde river,70.4692,-68.5914,-5.0,93,90,4.63,CA
108,guerrero,17.6667,-100.0,21.61,71,100,2.99,MX
109,dongsheng,39.8161,109.9776,9.93,11,8,12.11,CN
110,new norfolk,-42.7826,147.0587,19.0,45,40,8.23,AU
111,bonfim,3.0833,-59.95,24.9,85,97,2.89,BR
112,zhigalovo,54.8097,105.1578,3.2,75,97,5.27,RU
113,craig,40.5153,-107.5464,13.0,25,1,7.04,US
114,vvedenka,49.8244,36.5075,5.0,65,0,3.0,UA
115,villareal,11.5659,124.9281,29.39,67,35,1.81,PH
116,dingle,10.9995,122.6711,32.61,50,68,3.63,PH
117,vlasim,49.7063,14.8988,0.0,90,7,0.97,CZ
118,dikson,73.5069,80.5464,-7.12,93,100,9.46,RU
119,harper,4.375,-7.7169,24.24,88,98,2.0,LR
120,babai,22.7,77.9333,35.59,6,37,3.23,IN
121,hithadhoo,-0.6,73.0833,28.11,67,63,2.0,MV
122,basco,20.4487,121.9702,24.51,66,78,7.74,PH
123,las delicias,19.8333,-90.5,27.0,83,1,4.12,MX
124,vestmannaeyjar,63.4427,-20.2734,6.94,82,2,3.3,IS
125,semey,50.4111,80.2275,14.0,23,0,4.0,KZ
126,khatanga,71.9667,102.5,-8.46,86,100,7.61,RU
127,catemaco,18.4167,-95.1167,22.61,87,96,1.28,MX
128,ocos,14.5094,-92.1933,27.0,89,20,1.73,GT
129,alyangula,-13.8483,136.4192,25.0,100,75,2.06,AU
130,bondo,3.8146,23.6866,19.99,99,100,0.75,CD
131,upernavik,72.7868,-56.1549,-2.86,75,40,2.11,GL
132,naze,28.3667,129.4833,24.0,69,40,8.75,JP
133,traralgon,-38.1833,146.5333,16.67,75,94,3.58,AU
134,nueva loja,0.0847,-76.8828,21.69,99,92,1.2,EC
135,bethel,41.3712,-73.414,12.0,50,40,2.57,US
136,butaritari,3.0707,172.7902,28.43,73,16,5.15,KI
137,tonantins,-2.8731,-67.8022,23.32,98,96,0.71,BR
138,byron bay,-28.65,153.6167,22.0,64,40,5.14,AU
139,ottawa,45.4112,-75.6981,1.67,60,90,9.26,CA
140,oiba,6.2639,-73.2988,16.67,98,97,1.0,CO
141,thompson,55.7435,-97.8558,-1.0,93,90,1.54,CA
142,narsaq,60.9167,-46.05,10.0,32,90,13.38,GL
143,leningradskiy,69.3833,178.4167,-1.51,88,94,0.8,RU
144,qui nhon,13.7667,109.2333,29.53,71,29,4.87,VN
145,paamiut,61.994,-49.6678,1.1,99,100,2.72,GL
146,rio grande,-32.035,-52.0986,15.0,90,55,0.89,BR
147,ketchikan,55.3422,-131.6461,9.0,57,1,2.07,US
148,kysyl-syr,63.8986,122.7617,1.43,99,100,2.63,RU
149,barabai,-2.5833,115.3833,33.93,50,54,1.33,ID
150,takoradi,4.8845,-1.7554,26.39,86,100,2.36,GH
151,marsabit,2.3284,37.9899,18.12,83,76,4.94,KE
152,yar-sale,66.8333,70.8333,0.83,99,100,6.71,RU
153,kenora,49.8167,-94.4337,4.0,52,75,3.09,CA
154,nanakuli,21.3906,-158.1547,26.0,57,20,4.12,US
155,aklavik,68.2191,-135.0107,-10.0,85,100,3.09,CA
156,launceston,-41.45,147.1667,19.44,48,40,3.09,AU
157,vedeno,42.9703,46.095,13.0,88,0,4.0,RU
158,barrow,71.2906,-156.7887,-6.0,79,1,5.14,US
159,isangel,-19.55,169.2667,28.0,74,75,5.14,VU
160,tateyama,34.9833,139.8667,16.0,25,20,7.72,JP
161,santa maria del oro,25.9333,-105.3667,19.23,15,100,3.8,MX
162,osmena,10.5208,119.9258,28.3,68,60,4.66,PH
163,anadyr,64.75,177.4833,-3.0,100,75,1.0,RU
164,nikolskoye,59.7035,30.7861,3.89,87,90,5.0,RU
165,cabo san lucas,22.8909,-109.9124,22.78,38,100,0.45,MX
166,shubarshi,48.5872,57.1869,13.5,60,100,3.5,KZ
167,tres de maio,-27.7733,-54.24,12.0,100,0,1.54,BR
168,san quintin,30.4833,-115.95,14.02,83,26,5.65,MX
169,el alto,-4.2714,-81.2147,21.39,75,39,5.45,PE
170,lonar,19.9833,76.5333,34.21,13,90,2.19,IN
171,benghazi,32.1167,20.0667,15.99,82,1,3.99,LY
172,sainte-thecle,46.8168,-72.4991,5.0,81,100,7.2,CA
173,bulgan,48.8125,103.5347,3.34,47,97,8.07,MN
174,victoria,22.2855,114.1577,23.89,78,100,1.34,HK
175,ancud,-41.8697,-73.8203,11.11,100,90,2.57,CL
176,kahului,20.8947,-156.47,23.0,83,40,8.23,US
177,alexandria,31.2156,29.9553,17.0,72,40,6.17,EG
178,kostomuksha,64.571,30.5767,-0.41,92,100,4.32,RU
179,krasnoarmeysk,51.0239,45.6969,8.89,44,99,1.34,RU
180,puerto ayora,-0.7393,-90.3518,23.74,87,4,3.06,EC
181,havre-saint-pierre,50.2334,-63.5986,2.0,87,40,4.12,CA
182,vardo,70.3705,31.1107,-2.0,74,75,4.63,NO
183,el cope,8.6167,-80.6,25.0,47,78,3.58,PA
184,emerald,-23.5333,148.1667,28.0,21,0,3.6,AU
185,illapel,-31.6308,-71.1653,16.97,65,0,0.66,CL
186,tamugan,7.2308,125.3764,32.0,62,75,3.6,PH
187,alta floresta,-9.8756,-56.0861,21.23,98,96,1.76,BR
188,beringovskiy,63.05,179.3167,-0.07,90,47,0.84,RU
189,greenville,35.6127,-77.3663,16.0,67,75,2.81,US
190,iracoubo,5.4802,-53.2011,24.79,90,100,3.98,GF
191,khor,47.8861,134.9464,14.71,22,29,4.43,RU
192,belaya gora,68.5333,146.4167,-2.25,74,88,5.11,RU
193,quatre cocos,-20.2078,57.7625,25.0,88,75,6.69,MU
194,jalingo,8.8833,11.3667,25.36,63,94,1.53,NG
195,itupiranga,-5.1347,-49.3267,22.93,97,65,0.9,BR
196,torbay,47.6666,-52.7314,4.44,70,1,2.57,CA
197,zabol,32.25,67.25,21.1,9,2,2.05,AF
198,poum,-20.2333,164.0167,25.22,69,43,10.27,NC
199,beloha,-25.1667,45.05,21.48,74,0,2.51,MG
200,norman wells,65.282,-126.8329,-2.0,46,40,3.09,CA
201,pathein,16.7833,94.7333,34.88,36,73,2.71,MM
202,lixourion,38.2019,20.4314,11.67,66,2,2.77,GR
203,dillon,34.4166,-79.3712,13.0,71,1,2.51,US
204,denizli,37.8402,29.0698,8.0,100,40,3.09,TR
205,hovd,48.0056,91.6419,2.54,19,1,1.08,MN
206,saint-pierre,-21.3393,55.4781,26.0,69,0,8.23,RE
207,broken hill,-31.95,141.4333,21.0,37,0,5.14,AU
208,straumen,63.8709,11.2999,2.22,93,75,2.06,NO
209,sao joao da barra,-21.6403,-41.0511,23.06,92,67,2.59,BR
210,yerbogachen,61.2767,108.0108,-1.2,57,99,5.96,RU
211,ngaoundere,7.3167,13.5833,18.62,64,38,1.11,CM
212,yumen,40.2833,97.2,10.81,9,7,8.57,CN
213,tomatlan,19.9333,-105.25,21.2,91,68,0.22,MX
214,soltsy,58.1239,30.3238,1.91,93,100,3.84,RU
215,nassau,40.7507,-73.5829,13.0,50,1,4.12,US
216,pangai,-19.8,-174.35,28.0,69,40,4.12,TO
217,guerrero negro,27.9769,-114.0611,15.01,82,100,5.21,MX
218,cidreira,-30.1811,-50.2056,17.73,64,65,5.66,BR
219,dakoro,14.5106,6.765,30.91,23,90,4.4,NE
220,korla,41.7597,86.1469,13.33,16,70,2.68,CN
221,geraldton,-28.7667,114.6,30.0,26,2,5.14,AU
222,warmbad,-28.45,18.7333,19.08,45,100,2.08,NA
223,ambilobe,-13.2,49.05,22.88,82,91,1.39,MG
224,birao,10.2849,22.7882,23.07,71,99,1.25,CF
225,bud,39.447,-86.1758,7.78,76,34,2.93,US
226,vila velha,-20.3297,-40.2925,25.0,83,0,1.03,BR
227,radhanpur,23.8333,71.6,35.08,21,0,4.31,IN
228,sibolga,1.7427,98.7792,30.08,62,90,1.78,ID
229,ngunguru,-35.6167,174.5,18.33,71,41,2.68,NZ
230,maniitsoq,65.4167,-52.9,3.65,77,100,2.16,GL
231,pervomayskiy,53.2485,40.2871,4.44,61,2,3.67,RU
232,hamilton,39.1834,-84.5333,8.33,61,1,1.61,US
233,tual,-5.6667,132.75,28.36,70,73,3.95,ID
234,northam,51.0333,-4.2167,5.56,83,32,5.81,GB
235,san vicente,-26.6167,-54.1333,11.3,98,5,0.82,AR
236,baiao,-2.7906,-49.6717,23.0,95,59,1.15,BR
237,thinadhoo,0.5333,72.9333,28.02,63,64,1.47,MV
238,georgetown,5.4112,100.3354,31.0,70,40,1.03,MY
239,hambantota,6.1241,81.1185,29.0,94,20,1.54,LK
240,virbalis,54.6267,22.8169,-0.06,95,97,4.01,LT
241,deniliquin,-35.5333,144.9667,20.0,48,0,4.26,AU
242,praia da vitoria,38.7333,-27.0667,15.0,88,40,4.52,PT
243,laguna,38.421,-121.4238,12.22,54,1,4.63,US
244,kutum,14.2,24.6667,22.12,14,33,4.06,SD
245,te anau,-45.4167,167.7167,7.95,78,93,2.89,NZ
246,sobolevo,54.4299,31.8996,-0.12,77,11,3.38,RU
247,ganzhou,28.8184,115.4327,21.35,74,96,0.75,CN
248,marsh harbour,26.5412,-77.0636,25.47,75,0,4.44,BS
249,margate,51.3813,1.3862,5.56,69,11,1.79,GB
250,bayanday,53.0661,105.5139,4.22,53,100,8.86,RU
251,tecoanapa,16.5167,-98.75,26.9,77,91,1.9,MX
252,otane,-39.8833,176.6333,17.22,48,80,3.13,NZ
253,yangjiang,21.85,111.9667,23.37,87,100,5.12,CN
254,oum hadjer,13.2954,19.6966,29.74,39,96,4.01,TD
255,namibe,-15.1961,12.1522,23.79,70,0,4.13,AO
256,avera,33.194,-82.5271,15.0,67,1,3.6,US
257,vanimo,-2.6741,141.3028,28.59,66,100,2.29,PG
258,coutances,49.05,-1.4333,7.78,81,75,9.77,FR
259,itaituba,-4.2761,-55.9836,22.94,98,79,0.62,BR
260,luena,-11.7833,19.9167,14.29,89,11,1.08,AO
261,kanniyakumari,8.0833,77.5667,29.67,68,10,2.87,IN
262,ostrovnoy,68.0531,39.5131,-0.35,94,100,10.24,RU
263,bentiu,9.2333,29.8333,25.91,70,100,2.66,SS
264,port blair,11.6667,92.75,30.44,57,77,1.87,IN
265,riverton,40.5219,-111.9391,10.56,81,90,5.66,US
266,madison,34.7334,-86.5667,12.22,87,1,1.6,US
267,catamarca,-28.4696,-65.7852,13.89,90,0,3.98,AR
268,tibati,6.4667,12.6333,18.44,86,93,0.35,CM
269,el estor,15.5333,-89.35,24.81,88,99,1.1,GT
270,normandin,48.8333,-72.5321,1.0,93,100,7.72,CA
271,roald,62.5833,6.1333,2.0,87,10,7.72,NO
272,blatna,49.4249,13.8818,-2.78,99,74,1.06,CZ
273,lagoa,39.05,-27.9833,14.89,85,100,4.75,PT
274,plaster rock,46.9065,-67.39,9.0,66,90,2.57,CA
275,souillac,-20.5167,57.5167,25.0,88,75,6.69,MU
276,price,39.5994,-110.8107,16.0,17,1,3.09,US
277,sechura,-5.5569,-80.8222,21.18,75,51,6.57,PE
278,yorosso,12.3536,-4.7761,29.75,28,100,3.3,ML
279,vila,42.0304,-8.1588,10.56,95,37,1.08,PT
280,carauari,-4.8828,-66.8958,23.43,97,100,0.42,BR
281,okhotsk,59.3833,143.3,-2.37,53,1,1.42,RU
282,aqtobe,50.2797,57.2072,8.0,87,75,3.0,KZ
283,pangnirtung,66.1451,-65.7125,-1.58,80,98,3.15,CA
284,kerema,-7.9631,145.7785,26.14,82,100,0.7,PG
285,araguari,-18.6472,-48.1872,22.0,53,0,2.57,BR
286,pisco,-13.7,-76.2167,17.78,88,0,0.51,PE
287,lopsmarka,67.3134,14.4493,3.0,70,75,3.6,NO
288,bilibino,68.0546,166.4372,-3.57,79,100,1.18,RU
289,muros,42.7762,-9.0603,11.67,95,16,0.89,ES
290,college,64.8569,-147.8028,18.0,19,20,1.13,US
291,marsa matruh,31.3525,27.2453,19.0,68,40,5.66,EG
292,ahipara,-35.1667,173.1667,17.3,65,22,3.43,NZ
293,nizwa,22.9333,57.5333,29.11,19,36,1.4,OM
294,lompoc,34.6391,-120.4579,11.0,87,100,2.06,US
295,ust-omchug,61.15,149.6333,-8.46,56,16,1.36,RU
296,rock sound,24.9,-76.2,25.66,83,0,3.89,BS
297,cayenne,4.9333,-52.3333,25.0,94,75,3.6,GF
298,aykhal,66.0,111.5,-11.25,90,100,13.65,RU
299,bet shemesh,31.7496,34.9888,19.44,100,7,1.79,IL
300,tuatapere,-46.1333,167.6833,8.89,70,93,8.94,NZ
301,haines junction,60.7522,-137.5108,8.0,34,0,2.06,CA
302,nanortalik,60.1432,-45.2371,2.93,93,100,2.04,GL
303,adrar,20.5022,-10.0711,24.95,21,48,4.31,MR
304,sistranda,63.7256,8.834,2.0,93,75,3.09,NO
305,soligalich,59.0778,42.2864,2.07,97,100,3.62,RU
306,riyadh,24.6877,46.7219,28.0,100,20,3.09,SA
307,sterling,39.0062,-77.4286,12.0,58,40,3.6,US
308,kayalpattinam,8.5667,78.1167,31.0,58,20,3.77,IN
309,baykit,61.67,96.37,2.31,61,64,2.12,RU
310,zharkent,44.1628,80.0,17.38,19,28,1.61,KZ
311,faya,18.3851,42.4509,17.0,63,40,2.91,SA
312,alvdal,62.1077,10.6307,-3.0,74,75,2.06,NO
313,manadhoo,5.7667,73.3833,28.61,70,7,1.44,MV
314,vila franca do campo,37.7167,-25.4333,14.0,88,75,3.6,PT
315,vuktyl,63.8567,57.3094,5.2,80,100,5.33,RU
316,kasongo-lunda,-6.4667,16.8167,20.78,97,82,0.22,CD
317,saskylakh,71.9167,114.0833,-9.62,90,100,9.63,RU
318,saint anthony,45.0205,-93.218,6.0,60,75,3.6,US
319,mlowo,-9.0,32.9833,13.48,95,16,0.82,TZ
320,saint george,37.1041,-113.5841,21.11,14,1,0.41,US
321,wanaka,-44.7,169.15,10.0,81,89,0.89,NZ
322,sisimiut,66.9395,-53.6735,3.56,76,97,2.57,GL
323,san cristobal,7.7669,-72.225,20.58,74,61,0.83,VE
324,iwanai,42.9744,140.5089,6.1,50,41,4.91,JP
325,namatanai,-3.6667,152.4333,28.82,68,100,2.06,PG
326,biak,-0.9131,122.8766,28.56,66,68,2.89,ID
327,uray,60.1247,64.7758,7.49,58,72,5.05,RU
328,ussel,45.55,2.3167,11.67,21,100,0.85,FR
329,port lincoln,-34.7333,135.8667,19.09,62,3,3.6,AU
330,ust-kut,56.7938,105.7672,3.01,85,100,4.09,RU
331,ugoofaaru,5.6667,73.0,28.64,70,5,1.22,MV
332,kargasok,59.0556,80.8572,5.37,85,99,4.18,RU
333,watford,51.6553,-0.396,5.0,70,90,4.12,GB
334,umm lajj,25.0213,37.2685,26.64,53,0,2.45,SA
335,irbeyskoye,55.6428,95.4522,4.02,91,92,5.43,RU
336,albanel,48.8832,-72.4487,0.0,93,100,7.72,CA
337,calabozo,8.9242,-67.4293,30.01,47,98,4.22,VE
338,lakes entrance,-37.8811,147.981,18.33,64,9,1.34,AU
339,berdychiv,49.8993,28.6024,0.39,73,55,2.35,UA
340,grindavik,63.8424,-22.4338,3.0,93,0,5.14,IS
341,malanje,-9.5402,16.341,16.49,93,6,1.07,AO
342,springfield,37.2153,-93.2982,17.0,55,1,8.75,US
343,taltal,-25.4,-70.4833,16.31,83,0,0.47,CL
344,george,-33.963,22.4617,16.0,82,0,2.06,ZA
345,oranjemund,-28.55,16.4333,17.01,85,100,2.6,NA
346,aksehir,38.3575,31.4164,9.96,89,77,2.41,TR
347,huarmey,-10.0681,-78.1522,19.55,85,10,4.09,PE
348,bowling green,36.9903,-86.4436,10.0,76,1,2.43,US
349,zhigansk,66.7697,123.3711,-3.51,94,100,7.15,RU
350,novikovo,51.1537,37.8879,4.86,71,94,1.11,RU
351,honiara,-9.4333,159.95,29.29,77,84,1.99,SB
352,fortuna,40.5982,-124.1573,10.0,93,90,1.12,US
353,coquimbo,-29.9533,-71.3436,12.0,87,0,1.03,CL
354,kavieng,-2.5744,150.7967,29.04,66,95,1.43,PG
355,lebu,-37.6167,-73.65,12.3,93,24,4.39,CL
356,fairbanks,64.8378,-147.7164,18.0,20,1,2.06,US
357,cabedelo,-6.9811,-34.8339,24.0,94,20,2.06,BR
358,moose factory,51.2585,-80.6094,-8.0,79,1,1.54,CA
359,chopinzinho,-25.8558,-52.5233,13.07,95,15,0.81,BR
360,grand-lahou,5.1367,-5.0242,25.76,85,99,2.34,CI
361,gwadar,25.1216,62.3254,27.95,69,94,1.53,PK
362,suwannaphum,15.6035,103.8021,37.22,52,40,1.54,TH
363,senneterre,48.3835,-77.2328,-5.0,74,90,5.66,CA
364,matelandia,-25.2408,-53.9964,17.22,100,20,1.03,BR
365,abong mbang,3.9833,13.1833,19.31,93,63,0.13,CM
366,arti,56.4234,58.5328,4.57,68,18,6.78,RU
367,rancho mirage,33.7397,-116.4128,21.67,35,1,5.14,US
368,qasigiannguit,68.8193,-51.1922,9.0,43,75,12.35,GL
369,boysun,38.2061,67.1986,21.34,28,53,0.97,UZ
370,iroquois falls,48.7669,-80.6831,-9.0,92,1,1.54,CA
371,san carlos de bariloche,-41.1456,-71.3082,8.33,81,0,2.06,AR
372,high level,58.5169,-117.136,4.0,48,75,4.63,CA
373,acarau,-2.8856,-40.12,24.95,84,8,3.67,BR
374,camopi,3.1655,-52.3158,22.36,99,100,0.49,GF
375,petropavlovsk-kamchatskiy,53.0452,158.6483,3.0,100,90,5.0,RU
376,jahanabad,25.2167,84.9833,34.0,16,20,3.44,IN
377,eldorado,-23.7869,-54.2836,15.99,89,96,1.72,BR
378,dolores,-36.3132,-57.6792,9.78,92,0,2.89,AR
379,balkanabat,39.5108,54.3671,25.49,27,5,1.83,TM
380,telenesti,47.4997,28.3656,4.0,87,90,4.12,MD
381,eureka,40.8021,-124.1637,10.0,81,81,1.65,US
382,north bend,43.4065,-124.2243,9.0,87,90,1.54,US
383,cesena,44.1391,12.2432,13.33,93,0,1.03,IT
384,pereleshinskiy,51.7148,40.1953,5.0,75,0,2.0,RU
385,winnemucca,40.973,-117.7357,6.0,75,90,4.63,US
386,misratah,32.3754,15.0925,16.05,86,18,4.91,LY
387,rio verde de mato grosso,-18.9181,-54.8442,20.54,94,100,2.34,BR
388,lorengau,-2.0226,147.2712,29.64,66,92,1.02,PG
389,meulaboh,4.1363,96.1285,29.63,63,92,1.6,ID
390,la ronge,55.1001,-105.2842,1.0,59,100,4.12,CA
391,whitianga,-36.8333,175.7,17.78,67,38,2.68,NZ
392,russell,32.3502,-85.1999,16.0,87,1,2.31,US
393,egvekinot,66.3167,-179.1667,-1.64,89,15,0.19,RU
394,autun,46.95,4.3,12.0,50,0,3.09,FR
395,kawalu,-7.3817,108.2082,30.67,54,22,1.72,ID
396,yulara,-25.2406,130.9889,25.0,20,0,5.14,AU
397,san patricio,28.017,-97.5169,24.0,83,40,4.12,US
398,hasaki,35.7333,140.8333,18.89,26,20,4.63,JP
399,mount isa,-20.7333,139.5,32.0,31,40,4.12,AU
400,loharu,28.45,75.8167,34.18,6,0,2.3,IN
401,saint-joseph,-21.3667,55.6167,26.0,69,0,8.23,RE
402,nenjiang,49.1833,125.2167,17.62,19,100,9.56,CN
403,morros,-9.4467,-46.3003,22.16,89,100,0.59,BR
404,sturgeon falls,46.3646,-79.9326,-0.56,63,20,7.2,CA
405,ulaanbaatar,47.9077,106.8832,-1.0,74,75,13.0,MN
406,limbang,4.75,115.0,32.0,66,75,2.57,MY
407,coahuayana,18.7333,-103.6833,22.41,87,84,0.66,MX
408,navalcarnero,40.2891,-4.012,12.78,100,75,0.64,ES
409,talnakh,69.4865,88.3972,-12.02,85,98,3.87,RU
410,san jorge,-31.8962,-61.8598,10.56,84,0,0.54,AR
411,bonthe,7.5264,-12.505,26.95,83,98,3.19,SL
412,sines,37.9562,-8.8698,14.44,88,93,3.58,PT
413,acajutla,13.5928,-89.8275,22.78,93,100,2.4,SV
414,nuuk,64.1835,-51.7216,3.0,87,75,2.57,GL
415,dicabisagan,17.0818,122.4157,26.36,74,61,3.95,PH
416,araouane,18.9048,-3.5265,29.53,16,24,1.27,ML
417,waipawa,-41.4122,175.5153,16.0,48,14,6.17,NZ
418,ajdabiya,30.7554,20.2263,14.26,90,0,3.16,LY
419,zyryanka,65.75,150.85,-2.89,71,20,6.71,RU
420,tadepallegudem,16.8333,81.5,32.0,62,40,3.6,IN
421,dubbo,-32.25,148.6167,22.0,30,0,2.57,AU
422,ayagoz,47.9714,80.4392,10.69,27,24,0.83,KZ
423,dryden,49.7833,-92.7503,4.0,38,1,6.69,CA
424,carbonia,39.1672,8.5222,15.0,93,20,1.54,IT
425,oranjestad,12.524,-70.027,26.11,83,20,7.72,AW
426,berlevag,70.8578,29.0864,1.0,86,75,3.6,NO
427,muskegon,43.3,-86.1334,6.0,39,40,3.09,US
428,bogovarovo,58.9785,47.0246,0.7,97,100,3.55,RU
429,kaoma,-14.7833,24.8,14.26,96,14,2.35,ZM
430,chebsara,59.2002,38.8356,2.0,100,90,3.0,RU
431,palmer,42.1584,-72.3287,10.0,40,1,8.23,US
432,chapais,49.7834,-74.8492,-5.0,93,90,5.14,CA
433,walvis bay,-22.9575,14.5053,15.56,100,21,3.09,NA
434,saldanha,-33.0117,17.9442,16.0,94,12,4.63,ZA
435,caravelas,-17.7125,-39.2481,23.74,86,2,2.8,BR
436,fort-shevchenko,44.5086,50.263,14.58,70,86,5.39,KZ
437,norden,53.6,7.2,2.22,100,20,0.51,DE
438,boyolangu,-8.1181,111.8935,30.17,61,20,2.39,ID
439,turukhansk,65.8167,87.9833,-4.95,70,32,1.51,RU
440,ilebo,-4.3167,20.5833,20.97,99,100,0.78,CD
441,vilhena,-12.7406,-60.1458,19.64,99,100,1.62,BR
442,oussouye,12.485,-16.5469,22.0,78,0,2.06,SN
443,klaksvik,62.2266,-6.589,6.0,100,100,8.23,FO
444,piacenza,45.0468,9.6994,13.89,51,100,1.64,IT
445,bengkulu,-3.8004,102.2655,29.47,67,37,3.04,ID
446,livenka,50.4491,38.2959,5.54,62,100,2.09,RU
447,qixingtai,30.4135,111.8874,17.78,74,99,2.75,CN
448,youkounkoun,12.5333,-13.1333,26.11,43,10,3.27,GN
449,kalaiya,27.0327,85.0022,35.31,6,25,2.19,NP
450,maku,39.2911,44.4521,17.98,43,79,1.67,IR
451,correntina,-13.3433,-44.6367,22.42,81,100,1.43,BR
452,peniche,39.3558,-9.3811,13.33,92,96,4.92,PT
453,mackay,-21.15,149.2,25.0,69,75,7.72,AU
454,padang,-0.9492,100.3543,31.0,66,40,2.57,ID
455,tuma,55.148,40.5537,1.71,70,12,4.7,RU
456,khandbari,27.3747,87.2039,31.45,12,4,1.19,NP
457,verkhnyaya toyma,62.2349,44.9985,4.13,94,99,2.15,RU
458,flinders,-34.5833,150.8552,22.0,23,0,3.09,AU
459,pareora,-44.4871,171.2132,16.11,27,93,3.58,NZ
460,nagato,34.3833,131.2,15.0,38,75,4.12,JP
461,guiratinga,-16.3494,-53.7583,20.43,69,100,1.51,BR
462,kamenka,51.3223,42.7678,5.56,55,100,1.96,RU
463,ballina,-28.8667,153.5667,22.0,64,40,5.14,AU
464,comodoro rivadavia,-45.8667,-67.5,12.0,71,0,2.06,AR
465,khazar,41.9974,48.3332,13.36,71,100,3.18,RU
466,barcelos,41.5388,-8.6151,14.0,94,0,2.06,PT
467,maceio,-9.6658,-35.7353,23.0,94,0,2.06,BR
468,matamoros,25.5333,-103.25,30.0,16,75,1.25,MX
469,dunmore east,52.1514,-6.9861,6.11,85,12,2.24,IE
470,puerto narino,-3.7703,-70.3831,23.0,100,75,0.98,CO
471,southbridge,42.0751,-72.0334,8.89,71,45,2.24,US
472,bodden town,19.2833,-81.25,27.0,78,0,1.03,KY
473,doha,25.2867,51.5333,31.0,42,50,2.06,QA
474,tenosique,17.4833,-91.4333,28.38,66,63,3.22,MX
475,alvorada,-12.48,-49.1247,23.12,86,96,1.58,BR
476,ilulissat,69.2167,-51.1,9.0,43,75,12.35,GL
477,puerto maldonado,-12.6,-69.1833,19.54,96,100,2.36,PE
478,altamira,-3.2033,-52.2064,22.35,97,96,0.15,BR
479,kamaishi,39.2667,141.8833,14.0,23,40,6.17,JP
480,tete,-16.1564,33.5867,20.0,88,20,1.4,MZ
481,touros,-5.1989,-35.4608,24.0,94,20,2.06,BR
482,comal,29.8169,-98.3003,22.22,81,67,1.34,US
483,bellevue,47.6104,-122.2007,11.0,76,90,2.57,US
484,outjo,-20.1167,16.15,15.38,36,1,2.51,NA
485,atar,20.5169,-13.0499,24.21,22,0,3.02,MR
486,qidong,31.8128,121.6561,23.89,65,7,0.45,CN
487,sitka,57.0531,-135.33,13.0,50,1,1.54,US
488,akhtubinsk,48.2795,46.1722,8.7,53,100,3.93,RU
489,yingcheng,30.95,113.55,17.0,82,20,2.0,CN
490,sayyan,15.1718,44.3244,16.35,44,93,1.66,YE
491,makakilo city,21.3469,-158.0858,26.67,57,20,4.12,US
492,chacabuco,-34.6417,-60.4739,12.78,65,86,0.45,AR
493,seoul,37.5683,126.9778,20.0,52,75,3.09,KR
494,nador,35.174,-2.9287,14.0,94,0,1.03,MA
495,sroda wielkopolska,52.2284,17.2762,0.56,69,0,0.45,PL
496,at-bashi,41.1702,75.8106,10.45,41,52,1.03,KG
497,rocha,-34.4833,-54.3333,14.27,83,64,3.03,UY
498,prudentopolis,-25.2131,-50.9778,12.68,99,33,0.98,BR
499,sivaki,52.6333,126.75,16.8,22,100,4.83,RU
500,la palma,33.8464,-118.0467,15.56,77,20,4.12,US
501,batsfjord,70.6345,29.7185,-2.0,74,75,4.63,NO
502,vilyuysk,63.7553,121.6247,0.76,99,100,3.44,RU
503,ambatofinandrahana,-20.55,46.8,14.61,91,100,1.66,MG
504,mount darwin,-16.7725,31.5838,15.27,75,35,1.28,ZW
505,wellington,-41.2866,174.7756,15.0,58,1,7.72,NZ
506,richards bay,-28.783,32.0377,17.57,91,2,1.85,ZA
507,salamiyah,35.0113,37.0532,21.14,38,37,3.11,SY
508,ginda,30.6945,78.4932,23.64,15,0,1.95,IN
509,paita,-5.0892,-81.1144,20.86,78,51,5.45,PE
510,babynino,54.39,35.73,1.0,75,0,4.0,RU
511,karpogory,64.0019,44.4451,3.91,96,100,2.74,RU
512,noumea,-22.2763,166.4572,25.0,65,40,5.14,NC
513,utevka,52.9035,50.9495,6.98,57,23,5.14,RU
514,jieznas,54.6,24.1667,0.0,86,75,3.09,LT
515,moroni,-11.7022,43.2551,25.0,88,20,3.09,KM
516,arkhangelsk,64.5401,40.5433,3.0,93,90,3.0,RU
517,kapit,2.0167,112.9333,33.8,51,23,0.42,MY
518,bacolod,10.6667,122.95,30.2,63,60,3.36,PH
519,toamasina,-18.1667,49.3833,23.0,94,75,4.63,MG
520,manzanillo,20.3433,-77.1167,24.68,81,91,0.52,CU
521,trinidad,-14.8333,-64.9,18.75,96,99,1.72,BO
522,bereda,43.2686,-7.5406,8.89,100,98,0.45,ES
523,henties bay,-22.116,14.2845,15.56,93,3,0.89,NA
524,laytown,53.6819,-6.2392,6.11,100,0,1.54,IE
525,lefka,35.1106,32.8506,18.0,67,40,2.57,CY
526,lubango,-14.9172,13.4925,16.41,65,74,1.23,AO
527,boa vista,2.8197,-60.6733,26.0,78,75,3.09,BR
528,road town,18.4167,-64.6167,26.11,87,4,0.45,VG
529,hammerfest,70.6634,23.6821,0.0,93,75,5.14,NO
530,urucara,-2.5364,-57.76,23.62,97,98,0.63,BR
531,san jeronimo,-11.9472,-75.2829,10.54,87,99,1.25,PE
532,toora-khem,52.4675,96.11,4.18,45,97,3.75,RU
533,bethlehem,-1.4558,-48.5044,25.0,94,75,1.03,BR
534,hornepayne,49.2138,-84.7705,-4.58,84,15,2.41,CA
535,tucupita,9.0622,-62.051,22.49,87,99,1.82,VE
536,wenling,28.3669,121.36,19.5,66,36,3.05,CN
537,tefe,-3.3542,-64.7114,23.49,97,100,1.05,BR
538,santa maria,-29.6842,-53.8069,12.0,94,0,1.03,BR
539,novoagansk,61.9449,76.6625,4.29,86,95,5.46,RU
540,bukachacha,52.9833,116.9167,4.74,80,100,3.26,RU
541,sao miguel do araguaia,-13.275,-50.1628,23.9,78,83,2.36,BR
542,kudahuvadhoo,2.6708,72.8944,28.25,69,72,1.79,MV
543,pittsfield,42.4501,-73.2454,5.56,60,1,8.75,US
544,tagusao,9.1924,117.8141,29.23,68,24,3.85,PH
545,edd,13.9297,41.6925,30.0,63,95,5.63,ER
546,yicheng,31.3705,119.8703,19.44,77,96,1.34,CN
547,berea,41.3662,-81.8543,5.0,70,20,3.6,US
548,florianopolis,-27.6146,-48.5012,22.78,83,40,1.03,BR
549,kandrian,-6.2167,149.55,28.79,77,100,3.62,PG
550,muncar,-8.4333,114.3333,29.92,64,34,3.6,ID
551,bahia blanca,-38.7196,-62.2724,12.76,77,0,2.4,AR
552,champerico,14.3,-91.9167,20.0,95,87,1.87,GT
553,mayor pablo lagerenza,-19.9309,-60.7718,16.59,91,81,1.88,PY
554,sakaiminato,35.55,133.2333,16.0,39,20,5.66,JP
555,talara,-4.5772,-81.2719,21.78,77,55,6.66,PE
556,aswan,24.0934,32.907,26.48,25,0,5.88,EG
557,kodinsk,58.6881,99.1844,3.92,79,100,4.09,RU
558,teknaf,20.8624,92.3058,31.4,60,3,3.31,BD
559,mugur-aksy,50.35,90.5,-3.3,40,10,0.58,RU
560,manokwari,-0.8667,134.0833,27.74,76,93,3.62,ID
561,gat,31.61,34.7642,19.44,100,17,1.79,IL
562,colares,38.7992,-9.4469,15.0,94,75,2.57,PT
563,kungsbacka,57.4872,12.0761,1.67,74,0,2.57,SE
564,zhangye,38.9342,100.4517,8.84,19,64,1.35,CN
565,waingapu,-9.6567,120.2641,29.36,54,25,5.8,ID
566,auki,-8.7676,160.7034,28.79,73,100,2.36,SB
567,tromso,69.6496,18.957,0.0,93,75,2.06,NO
568,alofi,-19.0595,-169.9187,29.0,74,84,1.54,NU
569,weinan,34.5036,109.5089,16.0,77,75,5.0,CN
570,port hedland,-20.3167,118.5667,33.0,12,0,6.69,AU
571,valleyview,55.0667,-117.2859,7.0,26,100,2.57,CA
572,bonavista,48.6499,-53.1147,3.33,75,13,2.57,CA
